<?xml version="1.0" encoding="UTF-8"?>
<project-private xmlns="http://www.netbeans.org/ns/project-private/1">
    <editor-bookmarks xmlns="http://www.netbeans.org/ns/editor-bookmarks/2" lastBookmarkId="0"/>
    <open-files xmlns="http://www.netbeans.org/ns/projectui-open-files/2">
        <group>
            <file>file:/C:/Users/123/Documents/NetBeansProjects/Project2/src/project2/AddCourses.java</file>
            <file>file:/C:/Users/123/Documents/NetBeansProjects/Project2/src/project2/Admin.java</file>
            <file>file:/C:/Users/123/Documents/NetBeansProjects/Project2/src/project2/Course.java</file>
            <file>file:/C:/Users/123/Documents/NetBeansProjects/Project2/src/project2/University.java</file>
            <file>file:/C:/Users/123/Documents/NetBeansProjects/Project2/src/project2/Student.java</file>
        </group>
    </open-files>
</project-private>
